{
    "counter": {
        "ACTIVE": 16274,
        "INACTIVE": 6384,
        "INVALID": 2,
        "MALICIOUS": 0,
        "SANE": 0,
        "VALID": 0,
        "total": 22660
    },
    "percentage": {
        "ACTIVE": 71.82135133942363,
        "INACTIVE": 28.172992056487203,
        "INVALID": 100.0,
        "MALICIOUS": 0,
        "SANE": 0,
        "VALID": 0,
        "total": 199.99434339591085
    }
}