{
    "counter": {
        "ACTIVE": 16065,
        "INACTIVE": 6272,
        "INVALID": 2,
        "MALICIOUS": 0,
        "SANE": 0,
        "VALID": 0,
        "total": 22339
    },
    "percentage": {
        "ACTIVE": 71.91458883566857,
        "INACTIVE": 28.08022922636103,
        "INVALID": 100.0,
        "MALICIOUS": 0,
        "SANE": 0,
        "VALID": 0,
        "total": 199.9948180620296
    }
}