{
    "counter": {
        "ACTIVE": 2538,
        "INACTIVE": 1639,
        "INVALID": 2,
        "MALICIOUS": 0,
        "SANE": 0,
        "VALID": 0,
        "total": 4179
    },
    "percentage": {
        "ACTIVE": 60.732232591529076,
        "INACTIVE": 39.22929631402585,
        "INVALID": 100.0,
        "MALICIOUS": 0,
        "SANE": 0,
        "VALID": 0,
        "total": 199.96152890555493
    }
}