{
    "counter": {
        "ACTIVE": 11304,
        "INACTIVE": 4267,
        "INVALID": 2,
        "MALICIOUS": 0,
        "SANE": 0,
        "VALID": 0,
        "total": 15573
    },
    "percentage": {
        "ACTIVE": 72.58717010209979,
        "INACTIVE": 27.405266538214516,
        "INVALID": 100.0,
        "MALICIOUS": 0,
        "SANE": 0,
        "VALID": 0,
        "total": 199.9924366403143
    }
}