{
    "counter": {
        "ACTIVE": 21087,
        "INACTIVE": 6785,
        "INVALID": 2,
        "MALICIOUS": 0,
        "SANE": 0,
        "VALID": 0,
        "total": 27874
    },
    "percentage": {
        "ACTIVE": 75.65114443567482,
        "INACTIVE": 24.417893259437868,
        "INVALID": 100.0,
        "MALICIOUS": 0,
        "SANE": 0,
        "VALID": 0,
        "total": 200.06903769511268
    }
}