{
    "counter": {
        "ACTIVE": 15107,
        "INACTIVE": 5920,
        "INVALID": 2,
        "MALICIOUS": 0,
        "SANE": 0,
        "VALID": 0,
        "total": 21029
    },
    "percentage": {
        "ACTIVE": 71.83888915307432,
        "INACTIVE": 28.15561685532198,
        "INVALID": 100.0,
        "MALICIOUS": 0,
        "SANE": 0,
        "VALID": 0,
        "total": 199.99450600839629
    }
}