{
    "counter": {
        "ACTIVE": 17157,
        "INACTIVE": 6626,
        "INVALID": 2,
        "MALICIOUS": 0,
        "SANE": 0,
        "VALID": 0,
        "total": 23785
    },
    "percentage": {
        "ACTIVE": 72.1336977086399,
        "INACTIVE": 27.869610935856993,
        "INVALID": 100.0,
        "MALICIOUS": 0,
        "SANE": 0,
        "VALID": 0,
        "total": 200.00330864449688
    }
}