{
    "counter": {
        "ACTIVE": 1357,
        "INACTIVE": 872,
        "INVALID": 2,
        "MALICIOUS": 0,
        "SANE": 0,
        "VALID": 0,
        "total": 2231
    },
    "percentage": {
        "ACTIVE": 60.824742268041234,
        "INACTIVE": 39.94502977553825,
        "INVALID": 100.0,
        "MALICIOUS": 0,
        "SANE": 0,
        "VALID": 0,
        "total": 200.76977204357948
    }
}