{
    "counter": {
        "ACTIVE": 17215,
        "INACTIVE": 6629,
        "INVALID": 2,
        "MALICIOUS": 0,
        "SANE": 0,
        "VALID": 0,
        "total": 23846
    },
    "percentage": {
        "ACTIVE": 72.19240124129833,
        "INACTIVE": 27.84592119633706,
        "INVALID": 100.0,
        "MALICIOUS": 0,
        "SANE": 0,
        "VALID": 0,
        "total": 200.03832243763537
    }
}