{
    "counter": {
        "ACTIVE": 13629,
        "INACTIVE": 5128,
        "INVALID": 2,
        "MALICIOUS": 0,
        "SANE": 0,
        "VALID": 0,
        "total": 18759
    },
    "percentage": {
        "ACTIVE": 72.65312649928035,
        "INACTIVE": 27.33766926111526,
        "INVALID": 100.0,
        "MALICIOUS": 0,
        "SANE": 0,
        "VALID": 0,
        "total": 199.9907957603956
    }
}