{
    "counter": {
        "ACTIVE": 20243,
        "INACTIVE": 6754,
        "INVALID": 2,
        "MALICIOUS": 0,
        "SANE": 0,
        "VALID": 0,
        "total": 26999
    },
    "percentage": {
        "ACTIVE": 74.97685099448128,
        "INACTIVE": 25.018521262409244,
        "INVALID": 100.0,
        "MALICIOUS": 0,
        "SANE": 0,
        "VALID": 0,
        "total": 199.99537225689053
    }
}