{
    "counter": {
        "ACTIVE": 7466,
        "INACTIVE": 3533,
        "INVALID": 2,
        "MALICIOUS": 0,
        "SANE": 0,
        "VALID": 0,
        "total": 11001
    },
    "percentage": {
        "ACTIVE": 67.86655758567403,
        "INACTIVE": 32.15033215033215,
        "INVALID": 100.0,
        "MALICIOUS": 0,
        "SANE": 0,
        "VALID": 0,
        "total": 200.0168897360062
    }
}