{
    "counter": {
        "ACTIVE": 17193,
        "INACTIVE": 6629,
        "INVALID": 2,
        "MALICIOUS": 0,
        "SANE": 0,
        "VALID": 0,
        "total": 23824
    },
    "percentage": {
        "ACTIVE": 72.16672263263935,
        "INACTIVE": 27.84592119633706,
        "INVALID": 100.0,
        "MALICIOUS": 0,
        "SANE": 0,
        "VALID": 0,
        "total": 200.01264382897642
    }
}