{
    "counter": {
        "ACTIVE": 15374,
        "INACTIVE": 6087,
        "INVALID": 2,
        "MALICIOUS": 0,
        "SANE": 0,
        "VALID": 0,
        "total": 21463
    },
    "percentage": {
        "ACTIVE": 71.63358494082564,
        "INACTIVE": 28.36043423566137,
        "INVALID": 100.0,
        "MALICIOUS": 0,
        "SANE": 0,
        "VALID": 0,
        "total": 199.99401917648703
    }
}