{
    "counter": {
        "ACTIVE": 16509,
        "INACTIVE": 6467,
        "INVALID": 2,
        "MALICIOUS": 0,
        "SANE": 0,
        "VALID": 0,
        "total": 22978
    },
    "percentage": {
        "ACTIVE": 71.84698407172078,
        "INACTIVE": 28.160243849335945,
        "INVALID": 100.0,
        "MALICIOUS": 0,
        "SANE": 0,
        "VALID": 0,
        "total": 200.0072279210567
    }
}