{
    "counter": {
        "ACTIVE": 16800,
        "INACTIVE": 6505,
        "INVALID": 2,
        "MALICIOUS": 0,
        "SANE": 0,
        "VALID": 0,
        "total": 23307
    },
    "percentage": {
        "ACTIVE": 72.0844417746503,
        "INACTIVE": 27.91006993607071,
        "INVALID": 100.0,
        "MALICIOUS": 0,
        "SANE": 0,
        "VALID": 0,
        "total": 199.994511710721
    }
}