{
    "counter": {
        "ACTIVE": 14674,
        "INACTIVE": 5751,
        "INVALID": 2,
        "MALICIOUS": 0,
        "SANE": 0,
        "VALID": 0,
        "total": 20427
    },
    "percentage": {
        "ACTIVE": 71.85036478480144,
        "INACTIVE": 28.153913937435746,
        "INVALID": 100.0,
        "MALICIOUS": 0,
        "SANE": 0,
        "VALID": 0,
        "total": 200.0042787222372
    }
}