{
    "counter": {
        "ACTIVE": 16259,
        "INACTIVE": 6380,
        "INVALID": 2,
        "MALICIOUS": 0,
        "SANE": 0,
        "VALID": 0,
        "total": 22641
    },
    "percentage": {
        "ACTIVE": 71.81537102473499,
        "INACTIVE": 28.178967360098934,
        "INVALID": 100.0,
        "MALICIOUS": 0,
        "SANE": 0,
        "VALID": 0,
        "total": 199.99433838483392
    }
}