{
    "counter": {
        "ACTIVE": 16069,
        "INACTIVE": 6272,
        "INVALID": 2,
        "MALICIOUS": 0,
        "SANE": 0,
        "VALID": 0,
        "total": 22343
    },
    "percentage": {
        "ACTIVE": 71.919616882245,
        "INACTIVE": 28.08022922636103,
        "INVALID": 100.0,
        "MALICIOUS": 0,
        "SANE": 0,
        "VALID": 0,
        "total": 199.99984610860602
    }
}