{
    "counter": {
        "ACTIVE": 20911,
        "INACTIVE": 6782,
        "INVALID": 2,
        "MALICIOUS": 0,
        "SANE": 0,
        "VALID": 0,
        "total": 27695
    },
    "percentage": {
        "ACTIVE": 75.50460371908287,
        "INACTIVE": 24.493481165805914,
        "INVALID": 100.0,
        "MALICIOUS": 0,
        "SANE": 0,
        "VALID": 0,
        "total": 199.99808488488878
    }
}