{
    "counter": {
        "ACTIVE": 16196,
        "INACTIVE": 6331,
        "INVALID": 2,
        "MALICIOUS": 0,
        "SANE": 0,
        "VALID": 0,
        "total": 22529
    },
    "percentage": {
        "ACTIVE": 71.88956456123219,
        "INACTIVE": 28.102805397727273,
        "INVALID": 100.0,
        "MALICIOUS": 0,
        "SANE": 0,
        "VALID": 0,
        "total": 199.99236995895947
    }
}