{
    "counter": {
        "ACTIVE": 21070,
        "INACTIVE": 6785,
        "INVALID": 2,
        "MALICIOUS": 0,
        "SANE": 0,
        "VALID": 0,
        "total": 27857
    },
    "percentage": {
        "ACTIVE": 75.63628531428367,
        "INACTIVE": 24.417893259437868,
        "INVALID": 100.0,
        "MALICIOUS": 0,
        "SANE": 0,
        "VALID": 0,
        "total": 200.05417857372154
    }
}