{
    "counter": {
        "ACTIVE": 20624,
        "INACTIVE": 6762,
        "INVALID": 2,
        "MALICIOUS": 0,
        "SANE": 0,
        "VALID": 0,
        "total": 27388
    },
    "percentage": {
        "ACTIVE": 75.30305243172192,
        "INACTIVE": 24.728469555677453,
        "INVALID": 100.0,
        "MALICIOUS": 0,
        "SANE": 0,
        "VALID": 0,
        "total": 200.03152198739937
    }
}