{
    "counter": {
        "ACTIVE": 17360,
        "INACTIVE": 6667,
        "INVALID": 2,
        "MALICIOUS": 0,
        "SANE": 0,
        "VALID": 0,
        "total": 24029
    },
    "percentage": {
        "ACTIVE": 72.24603603978525,
        "INACTIVE": 27.746795405360412,
        "INVALID": 100.0,
        "MALICIOUS": 0,
        "SANE": 0,
        "VALID": 0,
        "total": 199.99283144514567
    }
}