{
    "counter": {
        "ACTIVE": 20952,
        "INACTIVE": 6784,
        "INVALID": 2,
        "MALICIOUS": 0,
        "SANE": 0,
        "VALID": 0,
        "total": 27738
    },
    "percentage": {
        "ACTIVE": 75.5353666450357,
        "INACTIVE": 24.465361174221933,
        "INVALID": 100.0,
        "MALICIOUS": 0,
        "SANE": 0,
        "VALID": 0,
        "total": 200.00072781925763
    }
}