{
    "counter": {
        "ACTIVE": 17355,
        "INACTIVE": 6666,
        "INVALID": 2,
        "MALICIOUS": 0,
        "SANE": 0,
        "VALID": 0,
        "total": 24023
    },
    "percentage": {
        "ACTIVE": 72.2432668692503,
        "INACTIVE": 27.750718121643562,
        "INVALID": 100.0,
        "MALICIOUS": 0,
        "SANE": 0,
        "VALID": 0,
        "total": 199.99398499089386
    }
}