{
    "counter": {
        "ACTIVE": 20808,
        "INACTIVE": 6777,
        "INVALID": 2,
        "MALICIOUS": 0,
        "SANE": 0,
        "VALID": 0,
        "total": 27587
    },
    "percentage": {
        "ACTIVE": 75.42683147859499,
        "INACTIVE": 24.634678298800438,
        "INVALID": 100.0,
        "MALICIOUS": 0,
        "SANE": 0,
        "VALID": 0,
        "total": 200.06150977739543
    }
}