{
    "counter": {
        "ACTIVE": 17214,
        "INACTIVE": 6629,
        "INVALID": 2,
        "MALICIOUS": 0,
        "SANE": 0,
        "VALID": 0,
        "total": 23845
    },
    "percentage": {
        "ACTIVE": 72.19123505976096,
        "INACTIVE": 27.84592119633706,
        "INVALID": 100.0,
        "MALICIOUS": 0,
        "SANE": 0,
        "VALID": 0,
        "total": 200.037156256098
    }
}