{
    "counter": {
        "ACTIVE": 2588,
        "INACTIVE": 480,
        "INVALID": 0,
        "MALICIOUS": 0,
        "SANE": 0,
        "VALID": 0,
        "total": 3068
    },
    "percentage": {
        "ACTIVE": 84.35462842242504,
        "INACTIVE": 15.66068515497553,
        "INVALID": 0,
        "MALICIOUS": 0,
        "SANE": 0,
        "VALID": 0,
        "total": 100.01531357740056
    }
}