{
    "counter": {
        "ACTIVE": 16959,
        "INACTIVE": 6566,
        "INVALID": 2,
        "MALICIOUS": 0,
        "SANE": 0,
        "VALID": 0,
        "total": 23527
    },
    "percentage": {
        "ACTIVE": 72.08313852169847,
        "INACTIVE": 27.9131063214726,
        "INVALID": 100.0,
        "MALICIOUS": 0,
        "SANE": 0,
        "VALID": 0,
        "total": 199.99624484317107
    }
}