{
    "counter": {
        "ACTIVE": 20951,
        "INACTIVE": 6784,
        "INVALID": 2,
        "MALICIOUS": 0,
        "SANE": 0,
        "VALID": 0,
        "total": 27737
    },
    "percentage": {
        "ACTIVE": 75.53448462342719,
        "INACTIVE": 24.465361174221933,
        "INVALID": 100.0,
        "MALICIOUS": 0,
        "SANE": 0,
        "VALID": 0,
        "total": 199.99984579764913
    }
}