{
    "counter": {
        "ACTIVE": 17058,
        "INACTIVE": 6615,
        "INVALID": 2,
        "MALICIOUS": 0,
        "SANE": 0,
        "VALID": 0,
        "total": 23675
    },
    "percentage": {
        "ACTIVE": 72.05372983019346,
        "INACTIVE": 27.94086589229145,
        "INVALID": 100.0,
        "MALICIOUS": 0,
        "SANE": 0,
        "VALID": 0,
        "total": 199.99459572248492
    }
}