{
    "counter": {
        "ACTIVE": 17191,
        "INACTIVE": 6629,
        "INVALID": 2,
        "MALICIOUS": 0,
        "SANE": 0,
        "VALID": 0,
        "total": 23822
    },
    "percentage": {
        "ACTIVE": 72.16438586180841,
        "INACTIVE": 27.84592119633706,
        "INVALID": 100.0,
        "MALICIOUS": 0,
        "SANE": 0,
        "VALID": 0,
        "total": 200.0103070581455
    }
}