{
    "counter": {
        "ACTIVE": 17201,
        "INACTIVE": 6629,
        "INVALID": 2,
        "MALICIOUS": 0,
        "SANE": 0,
        "VALID": 0,
        "total": 23832
    },
    "percentage": {
        "ACTIVE": 72.17606579389057,
        "INACTIVE": 27.84592119633706,
        "INVALID": 100.0,
        "MALICIOUS": 0,
        "SANE": 0,
        "VALID": 0,
        "total": 200.02198699022762
    }
}