{
    "counter": {
        "ACTIVE": 17303,
        "INACTIVE": 6647,
        "INVALID": 2,
        "MALICIOUS": 0,
        "SANE": 0,
        "VALID": 0,
        "total": 23952
    },
    "percentage": {
        "ACTIVE": 72.24031396125585,
        "INACTIVE": 27.752494676631457,
        "INVALID": 100.0,
        "MALICIOUS": 0,
        "SANE": 0,
        "VALID": 0,
        "total": 199.99280863788732
    }
}