{
    "counter": {
        "ACTIVE": 13825,
        "INACTIVE": 5216,
        "INVALID": 2,
        "MALICIOUS": 0,
        "SANE": 0,
        "VALID": 0,
        "total": 19043
    },
    "percentage": {
        "ACTIVE": 72.60266778699716,
        "INACTIVE": 27.390642230740955,
        "INVALID": 100.0,
        "MALICIOUS": 0,
        "SANE": 0,
        "VALID": 0,
        "total": 199.9933100177381
    }
}