{
    "counter": {
        "ACTIVE": 17046,
        "INACTIVE": 6595,
        "INVALID": 2,
        "MALICIOUS": 0,
        "SANE": 0,
        "VALID": 0,
        "total": 23643
    },
    "percentage": {
        "ACTIVE": 72.0974495622383,
        "INACTIVE": 27.941363386010252,
        "INVALID": 100.0,
        "MALICIOUS": 0,
        "SANE": 0,
        "VALID": 0,
        "total": 200.03881294824856
    }
}