{
    "counter": {
        "ACTIVE": 16066,
        "INACTIVE": 6272,
        "INVALID": 2,
        "MALICIOUS": 0,
        "SANE": 0,
        "VALID": 0,
        "total": 22340
    },
    "percentage": {
        "ACTIVE": 71.9158460161146,
        "INACTIVE": 28.08022922636103,
        "INVALID": 100.0,
        "MALICIOUS": 0,
        "SANE": 0,
        "VALID": 0,
        "total": 199.99607524247563
    }
}