{
    "counter": {
        "ACTIVE": 16262,
        "INACTIVE": 6381,
        "INVALID": 2,
        "MALICIOUS": 0,
        "SANE": 0,
        "VALID": 0,
        "total": 22645
    },
    "percentage": {
        "ACTIVE": 71.81593358063947,
        "INACTIVE": 28.178405829101347,
        "INVALID": 100.0,
        "MALICIOUS": 0,
        "SANE": 0,
        "VALID": 0,
        "total": 199.9943394097408
    }
}