{
    "counter": {
        "ACTIVE": 14296,
        "INACTIVE": 5618,
        "INVALID": 2,
        "MALICIOUS": 0,
        "SANE": 0,
        "VALID": 0,
        "total": 19916
    },
    "percentage": {
        "ACTIVE": 71.78508661812704,
        "INACTIVE": 28.20847559750954,
        "INVALID": 100.0,
        "MALICIOUS": 0,
        "SANE": 0,
        "VALID": 0,
        "total": 199.9935622156366
    }
}