{
    "counter": {
        "ACTIVE": 17111,
        "INACTIVE": 6599,
        "INVALID": 2,
        "MALICIOUS": 0,
        "SANE": 0,
        "VALID": 0,
        "total": 23712
    },
    "percentage": {
        "ACTIVE": 72.1617746288799,
        "INACTIVE": 27.854459499387954,
        "INVALID": 100.0,
        "MALICIOUS": 0,
        "SANE": 0,
        "VALID": 0,
        "total": 200.01623412826785
    }
}