{
    "counter": {
        "ACTIVE": 20943,
        "INACTIVE": 6784,
        "INVALID": 2,
        "MALICIOUS": 0,
        "SANE": 0,
        "VALID": 0,
        "total": 27729
    },
    "percentage": {
        "ACTIVE": 75.53015002885171,
        "INACTIVE": 24.465361174221933,
        "INVALID": 100.0,
        "MALICIOUS": 0,
        "SANE": 0,
        "VALID": 0,
        "total": 199.99551120307365
    }
}