{
    "counter": {
        "ACTIVE": 21100,
        "INACTIVE": 6785,
        "INVALID": 2,
        "MALICIOUS": 0,
        "SANE": 0,
        "VALID": 0,
        "total": 27887
    },
    "percentage": {
        "ACTIVE": 75.66249506938718,
        "INACTIVE": 24.417893259437868,
        "INVALID": 100.0,
        "MALICIOUS": 0,
        "SANE": 0,
        "VALID": 0,
        "total": 200.08038832882505
    }
}