{
    "counter": {
        "ACTIVE": 17316,
        "INACTIVE": 6648,
        "INVALID": 2,
        "MALICIOUS": 0,
        "SANE": 0,
        "VALID": 0,
        "total": 23966
    },
    "percentage": {
        "ACTIVE": 72.25235750646749,
        "INACTIVE": 27.74161241862794,
        "INVALID": 100.0,
        "MALICIOUS": 0,
        "SANE": 0,
        "VALID": 0,
        "total": 199.99396992509543
    }
}