{
    "counter": {
        "ACTIVE": 21086,
        "INACTIVE": 6785,
        "INVALID": 2,
        "MALICIOUS": 0,
        "SANE": 0,
        "VALID": 0,
        "total": 27873
    },
    "percentage": {
        "ACTIVE": 75.65027087145266,
        "INACTIVE": 24.417893259437868,
        "INVALID": 100.0,
        "MALICIOUS": 0,
        "SANE": 0,
        "VALID": 0,
        "total": 200.06816413089052
    }
}