{
    "counter": {
        "ACTIVE": 13351,
        "INACTIVE": 4931,
        "INVALID": 2,
        "MALICIOUS": 0,
        "SANE": 0,
        "VALID": 0,
        "total": 18284
    },
    "percentage": {
        "ACTIVE": 73.02412076792649,
        "INACTIVE": 26.96893458761759,
        "INVALID": 100.0,
        "MALICIOUS": 0,
        "SANE": 0,
        "VALID": 0,
        "total": 199.99305535554407
    }
}