{
    "counter": {
        "ACTIVE": 17006,
        "INACTIVE": 6595,
        "INVALID": 2,
        "MALICIOUS": 0,
        "SANE": 0,
        "VALID": 0,
        "total": 23603
    },
    "percentage": {
        "ACTIVE": 72.0562688021694,
        "INACTIVE": 27.941363386010252,
        "INVALID": 100.0,
        "MALICIOUS": 0,
        "SANE": 0,
        "VALID": 0,
        "total": 199.99763218817964
    }
}