{
    "counter": {
        "ACTIVE": 21069,
        "INACTIVE": 6785,
        "INVALID": 2,
        "MALICIOUS": 0,
        "SANE": 0,
        "VALID": 0,
        "total": 27856
    },
    "percentage": {
        "ACTIVE": 75.63541068351522,
        "INACTIVE": 24.417893259437868,
        "INVALID": 100.0,
        "MALICIOUS": 0,
        "SANE": 0,
        "VALID": 0,
        "total": 200.05330394295308
    }
}