{
    "counter": {
        "ACTIVE": 21102,
        "INACTIVE": 6785,
        "INVALID": 2,
        "MALICIOUS": 0,
        "SANE": 0,
        "VALID": 0,
        "total": 27889
    },
    "percentage": {
        "ACTIVE": 75.66424038151243,
        "INACTIVE": 24.417893259437868,
        "INVALID": 100.0,
        "MALICIOUS": 0,
        "SANE": 0,
        "VALID": 0,
        "total": 200.0821336409503
    }
}