{
    "counter": {
        "ACTIVE": 15423,
        "INACTIVE": 6114,
        "INVALID": 2,
        "MALICIOUS": 0,
        "SANE": 0,
        "VALID": 0,
        "total": 21539
    },
    "percentage": {
        "ACTIVE": 71.60499558939598,
        "INACTIVE": 28.38967310549777,
        "INVALID": 100.0,
        "MALICIOUS": 0,
        "SANE": 0,
        "VALID": 0,
        "total": 199.99466869489376
    }
}