{
    "counter": {
        "ACTIVE": 20792,
        "INACTIVE": 6777,
        "INVALID": 2,
        "MALICIOUS": 0,
        "SANE": 0,
        "VALID": 0,
        "total": 27571
    },
    "percentage": {
        "ACTIVE": 75.4125711798629,
        "INACTIVE": 24.634678298800438,
        "INVALID": 100.0,
        "MALICIOUS": 0,
        "SANE": 0,
        "VALID": 0,
        "total": 200.04724947866333
    }
}