{
    "counter": {
        "ACTIVE": 16281,
        "INACTIVE": 6388,
        "INVALID": 2,
        "MALICIOUS": 0,
        "SANE": 0,
        "VALID": 0,
        "total": 22671
    },
    "percentage": {
        "ACTIVE": 71.81737979708866,
        "INACTIVE": 28.176966168232543,
        "INVALID": 100.0,
        "MALICIOUS": 0,
        "SANE": 0,
        "VALID": 0,
        "total": 199.9943459653212
    }
}