{
    "counter": {
        "ACTIVE": 17352,
        "INACTIVE": 6664,
        "INVALID": 2,
        "MALICIOUS": 0,
        "SANE": 0,
        "VALID": 0,
        "total": 24018
    },
    "percentage": {
        "ACTIVE": 72.25183211192538,
        "INACTIVE": 27.745857273711383,
        "INVALID": 100.0,
        "MALICIOUS": 0,
        "SANE": 0,
        "VALID": 0,
        "total": 199.99768938563676
    }
}