{
    "counter": {
        "ACTIVE": 4383,
        "INACTIVE": 2436,
        "INVALID": 2,
        "MALICIOUS": 0,
        "SANE": 0,
        "VALID": 0,
        "total": 6821
    },
    "percentage": {
        "ACTIVE": 64.26686217008798,
        "INACTIVE": 35.71323852807506,
        "INVALID": 100.0,
        "MALICIOUS": 0,
        "SANE": 0,
        "VALID": 0,
        "total": 199.98010069816303
    }
}