{
    "counter": {
        "ACTIVE": 17226,
        "INACTIVE": 6629,
        "INVALID": 2,
        "MALICIOUS": 0,
        "SANE": 0,
        "VALID": 0,
        "total": 23857
    },
    "percentage": {
        "ACTIVE": 72.20522278576519,
        "INACTIVE": 27.84592119633706,
        "INVALID": 100.0,
        "MALICIOUS": 0,
        "SANE": 0,
        "VALID": 0,
        "total": 200.05114398210225
    }
}