{
    "counter": {
        "ACTIVE": 12775,
        "INACTIVE": 4786,
        "INVALID": 2,
        "MALICIOUS": 0,
        "SANE": 0,
        "VALID": 0,
        "total": 17563
    },
    "percentage": {
        "ACTIVE": 72.73814268632921,
        "INACTIVE": 27.270655270655272,
        "INVALID": 100.0,
        "MALICIOUS": 0,
        "SANE": 0,
        "VALID": 0,
        "total": 200.0087979569845
    }
}