{
    "counter": {
        "ACTIVE": 15956,
        "INACTIVE": 6212,
        "INVALID": 2,
        "MALICIOUS": 0,
        "SANE": 0,
        "VALID": 0,
        "total": 22170
    },
    "percentage": {
        "ACTIVE": 71.97113216057735,
        "INACTIVE": 28.0211105597907,
        "INVALID": 100.0,
        "MALICIOUS": 0,
        "SANE": 0,
        "VALID": 0,
        "total": 199.99224272036804
    }
}