{
    "counter": {
        "ACTIVE": 14103,
        "INACTIVE": 5345,
        "INVALID": 2,
        "MALICIOUS": 0,
        "SANE": 0,
        "VALID": 0,
        "total": 19450
    },
    "percentage": {
        "ACTIVE": 72.65093756439316,
        "INACTIVE": 27.480719794344473,
        "INVALID": 100.0,
        "MALICIOUS": 0,
        "SANE": 0,
        "VALID": 0,
        "total": 200.13165735873764
    }
}