{
    "counter": {
        "ACTIVE": 17186,
        "INACTIVE": 6629,
        "INVALID": 2,
        "MALICIOUS": 0,
        "SANE": 0,
        "VALID": 0,
        "total": 23817
    },
    "percentage": {
        "ACTIVE": 72.15854221774363,
        "INACTIVE": 27.84592119633706,
        "INVALID": 100.0,
        "MALICIOUS": 0,
        "SANE": 0,
        "VALID": 0,
        "total": 200.0044634140807
    }
}