{
    "counter": {
        "ACTIVE": 14661,
        "INACTIVE": 5747,
        "INVALID": 2,
        "MALICIOUS": 0,
        "SANE": 0,
        "VALID": 0,
        "total": 20410
    },
    "percentage": {
        "ACTIVE": 71.83243508084273,
        "INACTIVE": 28.159145475035523,
        "INVALID": 100.0,
        "MALICIOUS": 0,
        "SANE": 0,
        "VALID": 0,
        "total": 199.99158055587824
    }
}