{
    "counter": {
        "ACTIVE": 15339,
        "INACTIVE": 6054,
        "INVALID": 2,
        "MALICIOUS": 0,
        "SANE": 0,
        "VALID": 0,
        "total": 21395
    },
    "percentage": {
        "ACTIVE": 71.70102369934091,
        "INACTIVE": 28.296330918438887,
        "INVALID": 100.0,
        "MALICIOUS": 0,
        "SANE": 0,
        "VALID": 0,
        "total": 199.9973546177798
    }
}