{
    "counter": {
        "ACTIVE": 19634,
        "INACTIVE": 6733,
        "INVALID": 2,
        "MALICIOUS": 0,
        "SANE": 0,
        "VALID": 0,
        "total": 26369
    },
    "percentage": {
        "ACTIVE": 74.45864462057719,
        "INACTIVE": 25.568678084532717,
        "INVALID": 100.0,
        "MALICIOUS": 0,
        "SANE": 0,
        "VALID": 0,
        "total": 200.0273227051099
    }
}