{
    "counter": {
        "ACTIVE": 17150,
        "INACTIVE": 6626,
        "INVALID": 2,
        "MALICIOUS": 0,
        "SANE": 0,
        "VALID": 0,
        "total": 23778
    },
    "percentage": {
        "ACTIVE": 72.12549415426024,
        "INACTIVE": 27.869610935856993,
        "INVALID": 100.0,
        "MALICIOUS": 0,
        "SANE": 0,
        "VALID": 0,
        "total": 199.99510509011725
    }
}