{
    "counter": {
        "ACTIVE": 12102,
        "INACTIVE": 4568,
        "INVALID": 2,
        "MALICIOUS": 0,
        "SANE": 0,
        "VALID": 0,
        "total": 16672
    },
    "percentage": {
        "ACTIVE": 72.58877159309021,
        "INACTIVE": 27.41074107410741,
        "INVALID": 100.0,
        "MALICIOUS": 0,
        "SANE": 0,
        "VALID": 0,
        "total": 199.99951266719762
    }
}