{
    "counter": {
        "ACTIVE": 21092,
        "INACTIVE": 6785,
        "INVALID": 2,
        "MALICIOUS": 0,
        "SANE": 0,
        "VALID": 0,
        "total": 27879
    },
    "percentage": {
        "ACTIVE": 75.65551131676172,
        "INACTIVE": 24.417893259437868,
        "INVALID": 100.0,
        "MALICIOUS": 0,
        "SANE": 0,
        "VALID": 0,
        "total": 200.07340457619958
    }
}