{
    "counter": {
        "ACTIVE": 21004,
        "INACTIVE": 6785,
        "INVALID": 2,
        "MALICIOUS": 0,
        "SANE": 0,
        "VALID": 0,
        "total": 27791
    },
    "percentage": {
        "ACTIVE": 75.57842466985714,
        "INACTIVE": 24.417893259437868,
        "INVALID": 100.0,
        "MALICIOUS": 0,
        "SANE": 0,
        "VALID": 0,
        "total": 199.996317929295
    }
}