{
    "counter": {
        "ACTIVE": 15071,
        "INACTIVE": 5912,
        "INVALID": 2,
        "MALICIOUS": 0,
        "SANE": 0,
        "VALID": 0,
        "total": 20985
    },
    "percentage": {
        "ACTIVE": 71.82138772398018,
        "INACTIVE": 28.172504169644984,
        "INVALID": 100.0,
        "MALICIOUS": 0,
        "SANE": 0,
        "VALID": 0,
        "total": 199.99389189362518
    }
}