{
    "counter": {
        "ACTIVE": 16349,
        "INACTIVE": 6422,
        "INVALID": 2,
        "MALICIOUS": 0,
        "SANE": 0,
        "VALID": 0,
        "total": 22773
    },
    "percentage": {
        "ACTIVE": 71.79430880028104,
        "INACTIVE": 28.200061476309664,
        "INVALID": 100.0,
        "MALICIOUS": 0,
        "SANE": 0,
        "VALID": 0,
        "total": 199.9943702765907
    }
}