{
    "counter": {
        "ACTIVE": 15275,
        "INACTIVE": 6008,
        "INVALID": 2,
        "MALICIOUS": 0,
        "SANE": 0,
        "VALID": 0,
        "total": 21285
    },
    "percentage": {
        "ACTIVE": 71.76752490133434,
        "INACTIVE": 28.22645055203195,
        "INVALID": 100.0,
        "MALICIOUS": 0,
        "SANE": 0,
        "VALID": 0,
        "total": 199.9939754533663
    }
}