{
    "counter": {
        "ACTIVE": 17352,
        "INACTIVE": 6665,
        "INVALID": 2,
        "MALICIOUS": 0,
        "SANE": 0,
        "VALID": 0,
        "total": 24019
    },
    "percentage": {
        "ACTIVE": 72.25183211192538,
        "INACTIVE": 27.748865481493816,
        "INVALID": 100.0,
        "MALICIOUS": 0,
        "SANE": 0,
        "VALID": 0,
        "total": 200.0006975934192
    }
}