{
    "counter": {
        "ACTIVE": 20909,
        "INACTIVE": 6782,
        "INVALID": 2,
        "MALICIOUS": 0,
        "SANE": 0,
        "VALID": 0,
        "total": 27693
    },
    "percentage": {
        "ACTIVE": 75.50283465135594,
        "INACTIVE": 24.493481165805914,
        "INVALID": 100.0,
        "MALICIOUS": 0,
        "SANE": 0,
        "VALID": 0,
        "total": 199.99631581716187
    }
}