{
    "counter": {
        "ACTIVE": 20570,
        "INACTIVE": 6761,
        "INVALID": 2,
        "MALICIOUS": 0,
        "SANE": 0,
        "VALID": 0,
        "total": 27333
    },
    "percentage": {
        "ACTIVE": 75.25701532945524,
        "INACTIVE": 24.77827457304112,
        "INVALID": 100.0,
        "MALICIOUS": 0,
        "SANE": 0,
        "VALID": 0,
        "total": 200.03528990249634
    }
}