{
    "counter": {
        "ACTIVE": 15866,
        "INACTIVE": 6197,
        "INVALID": 2,
        "MALICIOUS": 0,
        "SANE": 0,
        "VALID": 0,
        "total": 22065
    },
    "percentage": {
        "ACTIVE": 71.90573306140948,
        "INACTIVE": 28.156663183243218,
        "INVALID": 100.0,
        "MALICIOUS": 0,
        "SANE": 0,
        "VALID": 0,
        "total": 200.0623962446527
    }
}