{
    "counter": {
        "ACTIVE": 17320,
        "INACTIVE": 6648,
        "INVALID": 2,
        "MALICIOUS": 0,
        "SANE": 0,
        "VALID": 0,
        "total": 23970
    },
    "percentage": {
        "ACTIVE": 72.2569879015436,
        "INACTIVE": 27.74161241862794,
        "INVALID": 100.0,
        "MALICIOUS": 0,
        "SANE": 0,
        "VALID": 0,
        "total": 199.99860032017153
    }
}