{
    "counter": {
        "ACTIVE": 17147,
        "INACTIVE": 6626,
        "INVALID": 2,
        "MALICIOUS": 0,
        "SANE": 0,
        "VALID": 0,
        "total": 23775
    },
    "percentage": {
        "ACTIVE": 72.13107857984183,
        "INACTIVE": 27.869610935856993,
        "INVALID": 100.0,
        "MALICIOUS": 0,
        "SANE": 0,
        "VALID": 0,
        "total": 200.0006895156988
    }
}