{
    "counter": {
        "ACTIVE": 20912,
        "INACTIVE": 6782,
        "INVALID": 2,
        "MALICIOUS": 0,
        "SANE": 0,
        "VALID": 0,
        "total": 27696
    },
    "percentage": {
        "ACTIVE": 75.50548815713461,
        "INACTIVE": 24.493481165805914,
        "INVALID": 100.0,
        "MALICIOUS": 0,
        "SANE": 0,
        "VALID": 0,
        "total": 199.99896932294052
    }
}