{
    "counter": {
        "ACTIVE": 20696,
        "INACTIVE": 6770,
        "INVALID": 2,
        "MALICIOUS": 0,
        "SANE": 0,
        "VALID": 0,
        "total": 27468
    },
    "percentage": {
        "ACTIVE": 75.34860013834783,
        "INACTIVE": 24.646861802825107,
        "INVALID": 100.0,
        "MALICIOUS": 0,
        "SANE": 0,
        "VALID": 0,
        "total": 199.99546194117295
    }
}