{
    "counter": {
        "ACTIVE": 6050,
        "INACTIVE": 3080,
        "INVALID": 2,
        "MALICIOUS": 0,
        "SANE": 0,
        "VALID": 0,
        "total": 9132
    },
    "percentage": {
        "ACTIVE": 66.25780308838024,
        "INACTIVE": 33.7275514673675,
        "INVALID": 100.0,
        "MALICIOUS": 0,
        "SANE": 0,
        "VALID": 0,
        "total": 199.98535455574773
    }
}