{
    "counter": {
        "ACTIVE": 15024,
        "INACTIVE": 5900,
        "INVALID": 2,
        "MALICIOUS": 0,
        "SANE": 0,
        "VALID": 0,
        "total": 20926
    },
    "percentage": {
        "ACTIVE": 71.8027145861212,
        "INACTIVE": 28.194590461626685,
        "INVALID": 100.0,
        "MALICIOUS": 0,
        "SANE": 0,
        "VALID": 0,
        "total": 199.9973050477479
    }
}