{
    "counter": {
        "ACTIVE": 16186,
        "INACTIVE": 6323,
        "INVALID": 2,
        "MALICIOUS": 0,
        "SANE": 0,
        "VALID": 0,
        "total": 22511
    },
    "percentage": {
        "ACTIVE": 71.90581963571746,
        "INACTIVE": 28.08849007152059,
        "INVALID": 100.0,
        "MALICIOUS": 0,
        "SANE": 0,
        "VALID": 0,
        "total": 199.99430970723805
    }
}