{
    "counter": {
        "ACTIVE": 16744,
        "INACTIVE": 6481,
        "INVALID": 2,
        "MALICIOUS": 0,
        "SANE": 0,
        "VALID": 0,
        "total": 23227
    },
    "percentage": {
        "ACTIVE": 72.08851767339733,
        "INACTIVE": 27.92451204274204,
        "INVALID": 100.0,
        "MALICIOUS": 0,
        "SANE": 0,
        "VALID": 0,
        "total": 200.01302971613939
    }
}