{
    "counter": {
        "ACTIVE": 15368,
        "INACTIVE": 6079,
        "INVALID": 2,
        "MALICIOUS": 0,
        "SANE": 0,
        "VALID": 0,
        "total": 21449
    },
    "percentage": {
        "ACTIVE": 71.64902792670986,
        "INACTIVE": 28.34693401725344,
        "INVALID": 100.0,
        "MALICIOUS": 0,
        "SANE": 0,
        "VALID": 0,
        "total": 199.9959619439633
    }
}