{
    "counter": {
        "ACTIVE": 21085,
        "INACTIVE": 6785,
        "INVALID": 2,
        "MALICIOUS": 0,
        "SANE": 0,
        "VALID": 0,
        "total": 27872
    },
    "percentage": {
        "ACTIVE": 75.64939724454649,
        "INACTIVE": 24.417893259437868,
        "INVALID": 100.0,
        "MALICIOUS": 0,
        "SANE": 0,
        "VALID": 0,
        "total": 200.06729050398437
    }
}