{
    "counter": {
        "ACTIVE": 10658,
        "INACTIVE": 3933,
        "INVALID": 2,
        "MALICIOUS": 0,
        "SANE": 0,
        "VALID": 0,
        "total": 14593
    },
    "percentage": {
        "ACTIVE": 73.04002192982456,
        "INACTIVE": 26.951278010004796,
        "INVALID": 100.0,
        "MALICIOUS": 0,
        "SANE": 0,
        "VALID": 0,
        "total": 199.99129993982936
    }
}