{
    "counter": {
        "ACTIVE": 18510,
        "INACTIVE": 6713,
        "INVALID": 2,
        "MALICIOUS": 0,
        "SANE": 0,
        "VALID": 0,
        "total": 25225
    },
    "percentage": {
        "ACTIVE": 73.37958374628344,
        "INACTIVE": 26.810176125244617,
        "INVALID": 100.0,
        "MALICIOUS": 0,
        "SANE": 0,
        "VALID": 0,
        "total": 200.18975987152805
    }
}