{
    "counter": {
        "ACTIVE": 17098,
        "INACTIVE": 6599,
        "INVALID": 2,
        "MALICIOUS": 0,
        "SANE": 0,
        "VALID": 0,
        "total": 23699
    },
    "percentage": {
        "ACTIVE": 72.14650407190177,
        "INACTIVE": 27.854459499387954,
        "INVALID": 100.0,
        "MALICIOUS": 0,
        "SANE": 0,
        "VALID": 0,
        "total": 200.00096357128973
    }
}