{
    "counter": {
        "ACTIVE": 17220,
        "INACTIVE": 6629,
        "INVALID": 2,
        "MALICIOUS": 0,
        "SANE": 0,
        "VALID": 0,
        "total": 23851
    },
    "percentage": {
        "ACTIVE": 72.19823068215169,
        "INACTIVE": 27.84592119633706,
        "INVALID": 100.0,
        "MALICIOUS": 0,
        "SANE": 0,
        "VALID": 0,
        "total": 200.04415187848875
    }
}