{
    "counter": {
        "ACTIVE": 16187,
        "INACTIVE": 6323,
        "INVALID": 2,
        "MALICIOUS": 0,
        "SANE": 0,
        "VALID": 0,
        "total": 22512
    },
    "percentage": {
        "ACTIVE": 71.90387348969439,
        "INACTIVE": 28.08849007152059,
        "INVALID": 100.0,
        "MALICIOUS": 0,
        "SANE": 0,
        "VALID": 0,
        "total": 199.99236356121497
    }
}