{
    "counter": {
        "ACTIVE": 13845,
        "INACTIVE": 5220,
        "INVALID": 2,
        "MALICIOUS": 0,
        "SANE": 0,
        "VALID": 0,
        "total": 19067
    },
    "percentage": {
        "ACTIVE": 72.61617539074793,
        "INACTIVE": 27.377143756228037,
        "INVALID": 100.0,
        "MALICIOUS": 0,
        "SANE": 0,
        "VALID": 0,
        "total": 199.99331914697598
    }
}