{
    "counter": {
        "ACTIVE": 21076,
        "INACTIVE": 6785,
        "INVALID": 2,
        "MALICIOUS": 0,
        "SANE": 0,
        "VALID": 0,
        "total": 27863
    },
    "percentage": {
        "ACTIVE": 75.64153178049743,
        "INACTIVE": 24.417893259437868,
        "INVALID": 100.0,
        "MALICIOUS": 0,
        "SANE": 0,
        "VALID": 0,
        "total": 200.0594250399353
    }
}