{
    "counter": {
        "ACTIVE": 17321,
        "INACTIVE": 6648,
        "INVALID": 2,
        "MALICIOUS": 0,
        "SANE": 0,
        "VALID": 0,
        "total": 23971
    },
    "percentage": {
        "ACTIVE": 72.25814525885446,
        "INACTIVE": 27.74161241862794,
        "INVALID": 100.0,
        "MALICIOUS": 0,
        "SANE": 0,
        "VALID": 0,
        "total": 199.9997576774824
    }
}