{
    "counter": {
        "ACTIVE": 17160,
        "INACTIVE": 6628,
        "INVALID": 2,
        "MALICIOUS": 0,
        "SANE": 0,
        "VALID": 0,
        "total": 23790
    },
    "percentage": {
        "ACTIVE": 72.1341796628694,
        "INACTIVE": 27.860445565363598,
        "INVALID": 100.0,
        "MALICIOUS": 0,
        "SANE": 0,
        "VALID": 0,
        "total": 199.994625228233
    }
}