{
    "counter": {
        "ACTIVE": 15640,
        "INACTIVE": 6193,
        "INVALID": 2,
        "MALICIOUS": 0,
        "SANE": 0,
        "VALID": 0,
        "total": 21835
    },
    "percentage": {
        "ACTIVE": 71.62811999084039,
        "INACTIVE": 28.373115865670957,
        "INVALID": 100.0,
        "MALICIOUS": 0,
        "SANE": 0,
        "VALID": 0,
        "total": 200.00123585651136
    }
}