{
    "counter": {
        "ACTIVE": 16659,
        "INACTIVE": 6472,
        "INVALID": 2,
        "MALICIOUS": 0,
        "SANE": 0,
        "VALID": 0,
        "total": 23133
    },
    "percentage": {
        "ACTIVE": 72.01400596550383,
        "INACTIVE": 27.98339674852992,
        "INVALID": 100.0,
        "MALICIOUS": 0,
        "SANE": 0,
        "VALID": 0,
        "total": 199.99740271403374
    }
}