{
    "counter": {
        "ACTIVE": 17203,
        "INACTIVE": 6629,
        "INVALID": 2,
        "MALICIOUS": 0,
        "SANE": 0,
        "VALID": 0,
        "total": 23834
    },
    "percentage": {
        "ACTIVE": 72.1784006041789,
        "INACTIVE": 27.84592119633706,
        "INVALID": 100.0,
        "MALICIOUS": 0,
        "SANE": 0,
        "VALID": 0,
        "total": 200.02432180051596
    }
}