{
    "counter": {
        "ACTIVE": 16391,
        "INACTIVE": 6443,
        "INVALID": 2,
        "MALICIOUS": 0,
        "SANE": 0,
        "VALID": 0,
        "total": 22836
    },
    "percentage": {
        "ACTIVE": 71.77701874233667,
        "INACTIVE": 28.222874414122387,
        "INVALID": 100.0,
        "MALICIOUS": 0,
        "SANE": 0,
        "VALID": 0,
        "total": 199.99989315645905
    }
}