{
    "counter": {
        "ACTIVE": 17167,
        "INACTIVE": 6628,
        "INVALID": 2,
        "MALICIOUS": 0,
        "SANE": 0,
        "VALID": 0,
        "total": 23797
    },
    "percentage": {
        "ACTIVE": 72.1393452956255,
        "INACTIVE": 27.860445565363598,
        "INVALID": 100.0,
        "MALICIOUS": 0,
        "SANE": 0,
        "VALID": 0,
        "total": 199.9997908609891
    }
}