{
    "counter": {
        "ACTIVE": 20263,
        "INACTIVE": 6755,
        "INVALID": 2,
        "MALICIOUS": 0,
        "SANE": 0,
        "VALID": 0,
        "total": 27020
    },
    "percentage": {
        "ACTIVE": 74.99259807549963,
        "INACTIVE": 25.01388631734864,
        "INVALID": 100.0,
        "MALICIOUS": 0,
        "SANE": 0,
        "VALID": 0,
        "total": 200.00648439284828
    }
}