{
    "counter": {
        "ACTIVE": 17152,
        "INACTIVE": 6626,
        "INVALID": 2,
        "MALICIOUS": 0,
        "SANE": 0,
        "VALID": 0,
        "total": 23780
    },
    "percentage": {
        "ACTIVE": 72.12783851976451,
        "INACTIVE": 27.869610935856993,
        "INVALID": 100.0,
        "MALICIOUS": 0,
        "SANE": 0,
        "VALID": 0,
        "total": 199.9974494556215
    }
}