{
    "counter": {
        "ACTIVE": 20995,
        "INACTIVE": 6784,
        "INVALID": 2,
        "MALICIOUS": 0,
        "SANE": 0,
        "VALID": 0,
        "total": 27781
    },
    "percentage": {
        "ACTIVE": 75.57323350491343,
        "INACTIVE": 24.465361174221933,
        "INVALID": 100.0,
        "MALICIOUS": 0,
        "SANE": 0,
        "VALID": 0,
        "total": 200.03859467913537
    }
}