{
    "counter": {
        "ACTIVE": 17172,
        "INACTIVE": 6628,
        "INVALID": 2,
        "MALICIOUS": 0,
        "SANE": 0,
        "VALID": 0,
        "total": 23802
    },
    "percentage": {
        "ACTIVE": 72.14519788253088,
        "INACTIVE": 27.860445565363598,
        "INVALID": 100.0,
        "MALICIOUS": 0,
        "SANE": 0,
        "VALID": 0,
        "total": 200.00564344789447
    }
}