{
    "counter": {
        "ACTIVE": 16910,
        "INACTIVE": 6548,
        "INVALID": 2,
        "MALICIOUS": 0,
        "SANE": 0,
        "VALID": 0,
        "total": 23460
    },
    "percentage": {
        "ACTIVE": 72.0832090029413,
        "INACTIVE": 27.911338448422846,
        "INVALID": 100.0,
        "MALICIOUS": 0,
        "SANE": 0,
        "VALID": 0,
        "total": 199.99454745136416
    }
}