{
    "counter": {
        "ACTIVE": 17308,
        "INACTIVE": 6647,
        "INVALID": 2,
        "MALICIOUS": 0,
        "SANE": 0,
        "VALID": 0,
        "total": 23957
    },
    "percentage": {
        "ACTIVE": 72.24610760946696,
        "INACTIVE": 27.752494676631457,
        "INVALID": 100.0,
        "MALICIOUS": 0,
        "SANE": 0,
        "VALID": 0,
        "total": 199.99860228609842
    }
}