{
    "counter": {
        "ACTIVE": 21001,
        "INACTIVE": 6785,
        "INVALID": 2,
        "MALICIOUS": 0,
        "SANE": 0,
        "VALID": 0,
        "total": 27788
    },
    "percentage": {
        "ACTIVE": 75.57578810997553,
        "INACTIVE": 24.417893259437868,
        "INVALID": 100.0,
        "MALICIOUS": 0,
        "SANE": 0,
        "VALID": 0,
        "total": 199.9936813694134
    }
}