{
    "counter": {
        "ACTIVE": 17309,
        "INACTIVE": 6647,
        "INVALID": 2,
        "MALICIOUS": 0,
        "SANE": 0,
        "VALID": 0,
        "total": 23958
    },
    "percentage": {
        "ACTIVE": 72.24726604891895,
        "INACTIVE": 27.752494676631457,
        "INVALID": 100.0,
        "MALICIOUS": 0,
        "SANE": 0,
        "VALID": 0,
        "total": 199.9997607255504
    }
}