{
    "counter": {
        "ACTIVE": 19105,
        "INACTIVE": 6726,
        "INVALID": 2,
        "MALICIOUS": 0,
        "SANE": 0,
        "VALID": 0,
        "total": 25833
    },
    "percentage": {
        "ACTIVE": 73.95579297797391,
        "INACTIVE": 26.067746686303387,
        "INVALID": 100.0,
        "MALICIOUS": 0,
        "SANE": 0,
        "VALID": 0,
        "total": 200.0235396642773
    }
}