{
    "counter": {
        "ACTIVE": 17161,
        "INACTIVE": 6628,
        "INVALID": 2,
        "MALICIOUS": 0,
        "SANE": 0,
        "VALID": 0,
        "total": 23791
    },
    "percentage": {
        "ACTIVE": 72.13231894413855,
        "INACTIVE": 27.860445565363598,
        "INVALID": 100.0,
        "MALICIOUS": 0,
        "SANE": 0,
        "VALID": 0,
        "total": 199.99276450950214
    }
}