{
    "counter": {
        "ACTIVE": 21010,
        "INACTIVE": 6785,
        "INVALID": 2,
        "MALICIOUS": 0,
        "SANE": 0,
        "VALID": 0,
        "total": 27797
    },
    "percentage": {
        "ACTIVE": 75.58369608231104,
        "INACTIVE": 24.417893259437868,
        "INVALID": 100.0,
        "MALICIOUS": 0,
        "SANE": 0,
        "VALID": 0,
        "total": 200.0015893417489
    }
}