{
    "counter": {
        "ACTIVE": 15034,
        "INACTIVE": 5899,
        "INVALID": 2,
        "MALICIOUS": 0,
        "SANE": 0,
        "VALID": 0,
        "total": 20935
    },
    "percentage": {
        "ACTIVE": 71.81275376164318,
        "INACTIVE": 28.189811717480644,
        "INVALID": 100.0,
        "MALICIOUS": 0,
        "SANE": 0,
        "VALID": 0,
        "total": 200.00256547912383
    }
}