{
    "counter": {
        "ACTIVE": 15936,
        "INACTIVE": 6203,
        "INVALID": 2,
        "MALICIOUS": 0,
        "SANE": 0,
        "VALID": 0,
        "total": 22141
    },
    "percentage": {
        "ACTIVE": 71.98807426480553,
        "INACTIVE": 28.015898107583215,
        "INVALID": 100.0,
        "MALICIOUS": 0,
        "SANE": 0,
        "VALID": 0,
        "total": 200.00397237238874
    }
}