{
    "counter": {
        "ACTIVE": 17090,
        "INACTIVE": 6599,
        "INVALID": 2,
        "MALICIOUS": 0,
        "SANE": 0,
        "VALID": 0,
        "total": 23691
    },
    "percentage": {
        "ACTIVE": 72.14318882181604,
        "INACTIVE": 27.854459499387954,
        "INVALID": 100.0,
        "MALICIOUS": 0,
        "SANE": 0,
        "VALID": 0,
        "total": 199.997648321204
    }
}