{
    "counter": {
        "ACTIVE": 15941,
        "INACTIVE": 6203,
        "INVALID": 2,
        "MALICIOUS": 0,
        "SANE": 0,
        "VALID": 0,
        "total": 22146
    },
    "percentage": {
        "ACTIVE": 71.98139618892802,
        "INACTIVE": 28.015898107583215,
        "INVALID": 100.0,
        "MALICIOUS": 0,
        "SANE": 0,
        "VALID": 0,
        "total": 199.99729429651123
    }
}