{
    "counter": {
        "ACTIVE": 20859,
        "INACTIVE": 6781,
        "INVALID": 2,
        "MALICIOUS": 0,
        "SANE": 0,
        "VALID": 0,
        "total": 27642
    },
    "percentage": {
        "ACTIVE": 75.46125461254613,
        "INACTIVE": 24.543052589670275,
        "INVALID": 100.0,
        "MALICIOUS": 0,
        "SANE": 0,
        "VALID": 0,
        "total": 200.0043072022164
    }
}