{
    "counter": {
        "ACTIVE": 9065,
        "INACTIVE": 3731,
        "INVALID": 2,
        "MALICIOUS": 0,
        "SANE": 0,
        "VALID": 0,
        "total": 12798
    },
    "percentage": {
        "ACTIVE": 70.83137990310986,
        "INACTIVE": 29.271928448140592,
        "INVALID": 100.0,
        "MALICIOUS": 0,
        "SANE": 0,
        "VALID": 0,
        "total": 200.10330835125046
    }
}