{
    "counter": {
        "ACTIVE": 17351,
        "INACTIVE": 6660,
        "INVALID": 2,
        "MALICIOUS": 0,
        "SANE": 0,
        "VALID": 0,
        "total": 24013
    },
    "percentage": {
        "ACTIVE": 72.25669429059259,
        "INACTIVE": 27.73959765088092,
        "INVALID": 100.0,
        "MALICIOUS": 0,
        "SANE": 0,
        "VALID": 0,
        "total": 199.99629194147352
    }
}